Workbook
Name PRINT1: A!$A$1:$L$61
Name PRINT2: A!$M$64:$Y$67
Name PRINT3: A!#REF!
Name PRINT4: A!#REF!

Sheet A
A1: GWRS AWPF SAMPLE SCHEDULE
F3: Revised May 1, 2023
B4: \
E5: changes to schedule are printed in reverse text
B9: Q-1 | C9: MFF | D9: MFE | E9: MFC | F9: ROF | G9: ROP | H9: ROC | I9: UVF | J9: UVP | K9: DPW | L9: FPW
A10: EC | B10: WG/MC | C10: COL | D10: QG | F10: WG/COL | G10: WG/COL | K10: COL | L10: DG/COL
A11: TDS | B11: WC | F11: WG | G11: WG | H11: WG | L11: WG
A12: pH | B12: WG | C12: WG/COL | D12: WG | F12: WG/COL | G12: WG/COL | H12: MG | J12: WG | K12: COL | L12: WG/COL
A13: Na | B13: MC | F13: MG | G13: MG | H13: MG | L13: MG
A14: K/Mg | B14: MC | F14: MG | G14: MG | H14: MG | L14: MG
A15: Ca | B15: MC | F15: MG | G15: MG | H15: MG | L15: WG
A16: Ca Hardness | K16: WG | L16: WG
A17: Fe | B17: MC | F17: MG | G17: MG | H17: MG | L17: AG/QG
A18: Mn | B18: MC | F18: MG | G18: MG | H18: MG | L18: AG/QG
A19: Trace Elements1 | B19: MC | F19: MG | G19: MG | H19: MG | L19: QG
A20: Priority Pollutants2 | L20: QG
A21: CEC (full) | F21: QG | G21: QG | L21: QG
A22: NH3-N | B22: WG | G22: WG | L22: 2WG/MG
A23: Org-N / TKN | B23: WG | G23: WG | L23: 2WG/MG
A24: Total Alkalinity | B24: MC | F24: MG | G24: MG | L24: WG
A25: OH/CO3/HCO3 | F25: MG | G25: MG | L25: MG
A26: TH | B26: MC | F26: MG | G26: MG | H26: MG | L26: MG
A27: F | B27: MC | L27: QG
A28: Cl | B28: MC | F28: MG | G28: MG | J28: MG | L28: MG
A29: Br | L29: MG
A30: NO3-N | B30: WG | G30: WC | L30: 2WG/MG
A31: NO2-N | B31: WG | G31: WC | L31: 2WG/MG
A32: NO3+NO2-N | B32: WG | G32: HWC | L32: 2WG/MG
A33: TIN / Total Nitrogen | L33: 2WG/MG
A34: PO4-P (ortho) | B34: WC | H34: WG | L34: QG
A35: SO4 | B35: MC | F35: MG | G35: MG | H35: MG | L35: MG
A36: B | B36: MC | F36: MG | G36: MG | L36: QG
A37: SiO2 | B37: MC | F37: MG | G37: MG | H37: MG | L37: QG
A38: BOD* | B38: QC | L38: MC
A39: Inorganic DBPs | L39: QG
A40: DOC | L40: QG
A41: TOC | B41: DC/WG | C41: WG | F41: DC/COL | G41: DC/COL | L41: WG (Fri.)
A42: UV%T-254/UVAB | D42: MG | I42: DC/COL | L42: QG
A43: MBAS | B43: MC | F43: MC | G43: MC | L43: AG
A44: Suspended Solids | B44: QC | C44: WG | D44: WG | E44: MG | L44: MC/QG
A45: Color | B45: MC | F45: MC | G45: MC | L45: AG
A46: CN | B46: MG | F46: MG | G46: MG | L46: QG
A47: Residual Cl2 | C47: WG/COL | D47: WG/COL | F47: WG/COL | G47: WG/COL | I47: COL | L47: QG
A48: Total Coliforms | B48: WG | C48: WG | D48: WG | G48: WG | L48: DG
A49: E. coli | B49: WG | C49: WG | D49: WG | G49: WG | L49: DG
A50: Turbidity | B50: WG | C50: COL | D50: WG/COL | F50: COL | G50: COL | L50: COL
A51: Radioactivity | L51: QG
A52: ClO4 | L52: QG
A53: 14DIOX/NDMA/VOC | B53: WG | F53: WG | G53: WG | I53: WG | J53: WG | L53: QG
A54: Asbestos* | L54: QG
A55: Oil and Grease*
A56: Threshold Odor | L56: AG
A57: Corrosivity | L57: AG/WG
A58: H2O2 | I58: WG | J58: WG | L58: WG
A60: 1 - Includes Ag,Al,As,Ba,Be,Cd,Co,Cr,Cr+6,Cu,Hg,Ni,Pb,Sb,Se,Tl,V,Zn
A61: 2 - Includes Ag,As,Be,Cd,Cr+3,Cr+6,Cu,Gd,Hg,Mo,Ni,Pb,Sb,Se,Sr,Tl,U,Zn, and parameters in Tables I and II of the GWRS permit
A62: C = Composite Sample | B62: * - Analysis outsourced | F62: A = Annual (rotates by quarter beginning Jan. 2023)
A63: D = Daily (7-day/wk.) | F63: COL = Continuous On-Line measurement
A64: G = Grab Sample | F64: HWC = Acid-preserved Composite, collected Wed.
A65: M = Monthly (representative Wed.) | F65: Q = Quarterly (representative Wed. of Jan., Apr., Jul., Oct.)
A66: WG = Weekly Grab (Wed.); 1,4-Dioxane/NDMA/VOC are Fri. | F66: WC = Weekly Composite (day of week rotates)
A67: 2WG = Twice/week grab collected on Mon. & Thu.
F68: =CELL("filename",A2) -> C:\Users\YKoyama\AppData\Local\Box\Box Edit\Documents\tFjN6xd6nkWKQ+EL3nn50g==\[AWPF SCHEDULE_May2023.xlsx]A

Sheet Expanded list
B1: Q-1 | C1: MFF | D1: MFE | E1: MFC | F1: ROF | G1: ROP | H1: ROC | I1: UVF | J1: UVP | K1: DPW | L1: FPW | M1: Method
A2: EC | B2: WG/MC | C2: COL | D2: QG | F2: WG/COL | G2: WG/COL | K2: COL | L2: DG/COL | M2: =_xlfn.XLOOKUP(A2,'Method list'!$C$3:$C$132,'Method list'!$B$3:$B$132) -> 2510B
A3: TDS | B3: WC | F3: WG | G3: WG | H3: WG | L3: WG | M3: =_xlfn.XLOOKUP(A3,'Method list'!$C$3:$C$132,'Method list'!$B$3:$B$132) -> 2540C
A4: pH | B4: WG | C4: WG/COL | D4: WG | F4: WG/COL | G4: WG/COL | H4: MG | J4: WG | K4: COL | L4: WG/COL | M4: =_xlfn.XLOOKUP(A4,'Method list'!$C$3:$C$132,'Method list'!$B$3:$B$132) -> 4500H+B
A5: Na | B5: MC | F5: MG | G5: MG | H5: MG | L5: MG | M5: =_xlfn.XLOOKUP(A5,'Method list'!$C$3:$C$132,'Method list'!$B$3:$B$132) -> X200.7
A6: K/Mg | B6: MC | F6: MG | G6: MG | H6: MG | L6: MG | M6: X200.7
A7: Ca | B7: MC | F7: MG | G7: MG | H7: MG | L7: WG | M7: =_xlfn.XLOOKUP(A7,'Method list'!$C$3:$C$132,'Method list'!$B$3:$B$132) -> X200.7
A8: Ca Hardness | K8: WG | L8: WG | M8: ?
A9: Fe | B9: MC | F9: MG | G9: MG | H9: MG | L9: AG/QG | M9: =_xlfn.XLOOKUP(A9,'Method list'!$C$3:$C$132,'Method list'!$B$3:$B$132) -> X200.7
A10: Mn | B10: MC | F10: MG | G10: MG | H10: MG | L10: AG/QG | M10: =_xlfn.XLOOKUP(A10,'Method list'!$C$3:$C$132,'Method list'!$B$3:$B$132) -> X200.8
A11: Trace Elements1 | B11: MC | F11: MG | G11: MG | H11: MG | L11: QG | M11: ?
A12: Priority Pollutants2 | L12: QG | M12: ?
A13: CEC (full) | F13: QG | G13: QG | L13: QG | M13: ?
A14: NH3-N | B14: WG | G14: WG | L14: 2WG/MG | M14: =_xlfn.XLOOKUP(A14,'Method list'!$C$3:$C$132,'Method list'!$B$3:$B$132) -> 4500NH3H
A15: Org-N / TKN | B15: WG | G15: WG | L15: 2WG/MG | M15: ?
A16: Total Alkalinity | B16: MC | F16: MG | G16: MG | L16: WG | M16: 2320B
A17: OH/CO3/HCO3 | F17: MG | G17: MG | L17: MG | M17: ?
A18: TH | B18: MC | F18: MG | G18: MG | H18: MG | L18: MG | M18: ?
A19: F | B19: MC | L19: QG | M19: =_xlfn.XLOOKUP(A19,'Method list'!$C$3:$C$132,'Method list'!$B$3:$B$132) -> X1-300.0
A20: Cl | B20: MC | F20: MG | G20: MG | J20: MG | L20: MG | M20: =_xlfn.XLOOKUP(A20,'Method list'!$C$3:$C$132,'Method list'!$B$3:$B$132) -> X1-300.0
A21: Br | L21: MG | M21: =_xlfn.XLOOKUP(A21,'Method list'!$C$3:$C$132,'Method list'!$B$3:$B$132) -> 300.1B
A22: NO3-N | B22: WG | G22: WC | L22: 2WG/MG | M22: =_xlfn.XLOOKUP(A22,'Method list'!$C$3:$C$132,'Method list'!$B$3:$B$132) -> 4500NO3F
A23: NO2-N | B23: WG | G23: WC | L23: 2WG/MG | M23: =_xlfn.XLOOKUP(A23,'Method list'!$C$3:$C$132,'Method list'!$B$3:$B$132) -> 4500NO3F
A24: NO3+NO2-N | B24: WG | G24: HWC | L24: 2WG/MG | M24: =_xlfn.XLOOKUP(A24,'Method list'!$C$3:$C$132,'Method list'!$B$3:$B$132) -> #N/A
A25: TIN / Total Nitrogen | L25: 2WG/MG | M25: X1-351.2
A26: PO4-P (ortho) | B26: WC | H26: WG | L26: QG | M26: 365.1
A27: SO4 | B27: MC | F27: MG | G27: MG | H27: MG | L27: MG | M27: =_xlfn.XLOOKUP(A27,'Method list'!$C$3:$C$132,'Method list'!$B$3:$B$132) -> X1-300.0
A28: B | B28: MC | F28: MG | G28: MG | L28: QG | M28: =_xlfn.XLOOKUP(A28,'Method list'!$C$3:$C$132,'Method list'!$B$3:$B$132) -> X200.7
A29: SiO2 | B29: MC | F29: MG | G29: MG | H29: MG | L29: QG | M29: =_xlfn.XLOOKUP(A29,'Method list'!$C$3:$C$132,'Method list'!$B$3:$B$132) -> 4500SIOC
A30: BOD* | B30: QC | L30: MC | M30: =_xlfn.XLOOKUP(A30,'Method list'!$C$3:$C$132,'Method list'!$B$3:$B$132) -> #N/A
A31: Inorganic DBPs | L31: QG | M31: =_xlfn.XLOOKUP(A31,'Method list'!$C$3:$C$132,'Method list'!$B$3:$B$132) -> #N/A
A32: DOC | L32: QG | M32: =_xlfn.XLOOKUP(A32,'Method list'!$C$3:$C$132,'Method list'!$B$3:$B$132) -> 5310C
A33: TOC | B33: DC/WG | C33: WG | F33: DC/COL | G33: DC/COL | L33: WG (Fri.) | M33: =_xlfn.XLOOKUP(A33,'Method list'!$C$3:$C$132,'Method list'!$B$3:$B$132) -> 5310C
A34: UV%T-254/UVAB | D34: MG | I34: DC/COL | L34: QG | M34: =_xlfn.XLOOKUP(A34,'Method list'!$C$3:$C$132,'Method list'!$B$3:$B$132) -> #N/A
A35: MBAS | B35: MC | F35: MC | G35: MC | L35: AG | M35: =_xlfn.XLOOKUP(A35,'Method list'!$C$3:$C$132,'Method list'!$B$3:$B$132) -> 5540C
A36: Suspended Solids | B36: QC | C36: WG | D36: WG | E36: MG | L36: MC/QG | M36: =_xlfn.XLOOKUP(A36,'Method list'!$C$3:$C$132,'Method list'!$B$3:$B$132) -> #N/A
A37: Color | B37: MC | F37: MC | G37: MC | L37: AG | M37: =_xlfn.XLOOKUP(A37,'Method list'!$C$3:$C$132,'Method list'!$B$3:$B$132) -> #N/A
A38: CN | B38: MG | F38: MG | G38: MG | L38: QG | M38: =_xlfn.XLOOKUP(A38,'Method list'!$C$3:$C$132,'Method list'!$B$3:$B$132) -> X1-335.4
A39: Residual Cl2 | C39: WG/COL | D39: WG/COL | F39: WG/COL | G39: WG/COL | I39: COL | L39: QG
A40: Total Coliforms | B40: WG | C40: WG | D40: WG | G40: WG | L40: DG
A41: E. coli | B41: WG | C41: WG | D41: WG | G41: WG | L41: DG
A42: Turbidity | B42: WG | C42: COL | D42: WG/COL | F42: COL | G42: COL | L42: COL
A43: Radioactivity | L43: QG
A44: ClO4 | L44: QG | M44: =_xlfn.XLOOKUP(A44,'Method list'!$C$3:$C$132,'Method list'!$B$3:$B$132) -> 332
A45: 14DIOX/NDMA/VOC | B45: WG | F45: WG | G45: WG | I45: WG | J45: WG | L45: QG
A46: Asbestos* | L46: QG
A47: Oil and Grease*
A48: Threshold Odor | L48: AG
A49: Corrosivity | L49: AG/WG
A50: H2O2 | I50: WG | J50: WG | L50: WG | M50: =_xlfn.XLOOKUP(A50,'Method list'!$C$3:$C$132,'Method list'!$B$3:$B$132) -> H2O2
A52: 1 - Includes Ag,Al,As,Ba,Be,Cd,Co,Cr,Cr+6,Cu,Hg,Ni,Pb,Sb,Se,Tl,V,Zn
A53: 2 - Includes Ag,As,Be,Cd,Cr+3,Cr+6,Cu,Gd,Hg,Mo,Ni,Pb,Sb,Se,Sr,Tl,U,Zn, and parameters in Tables I and II of the GWRS permit
A54: C = Composite Sample | B54: * - Analysis outsourced | F54: A = Annual (rotates by quarter beginning Jan. 2023)
A55: D = Daily (7-day/wk.) | F55: COL = Continuous On-Line measurement
A56: G = Grab Sample | F56: HWC = Acid-preserved Composite, collected Wed.
A57: M = Monthly (representative Wed.) | F57: Q = Quarterly (representative Wed. of Jan., Apr., Jul., Oct.)
A58: WG = Weekly Grab (Wed.); 1,4-Dioxane/NDMA/VOC are Fri. | F58: WC = Weekly Composite (day of week rotates)
A59: 2WG = Twice/week grab collected on Mon. & Thu.
F60: =CELL("filename",#REF!) -> #REF!

Sheet Method list
A1: COMMON INORGANIC TEST-SERIES
A2: Parameter Name | B2: Method | C2: Parameter Abbrev. | D2: GENLVLII | E2: RO-COMM | F2: METALS
A3: Adjusted Sodium Adsorption Ratio | B3: X200.7 | C3: SARADJ
A4: Aggressive Index | B4: AI | C4: AI
A5: Alkalinity-Phenolphthalein | B5: 2320B | C5: ALKPHE | D5: ALKPHE | E5: ALKPHE
A6: Aluminum | B6: X200.8 | C6: Al | D6: Al | E6: Al | F6: Al
A7: Aluminum (dissolved) | B7: X200.8D | C7: Al-DIS
A8: Ammonia Nitrogen | B8: 4500NH3H | C8: NH3-N | E8: NH3-N
A9: Antimony | B9: X200.8 | C9: Sb | D9: Sb | F9: Sb
A10: Antimony (dissolved) | B10: X200.8D | C10: Sb-DIS
A11: Apparent Color (unfiltered) | B11: 2120B | C11: APCOLR
A12: Arsenic | B12: X200.8 | C12: As | D12: As | F12: As
A13: Arsenic (dissolved) | B13: X200.8D | C13: As-DIS
A14: Barium | B14: X200.8 | C14: Ba | D14: Ba | E14: Ba | F14: Ba
A15: Barium (dissolved) | B15: X200.8D | C15: Ba-DIS
A16: Beryllium | B16: X200.8 | C16: Be | D16: Be | F16: Be
A17: Beryllium (dissolved) | B17: X200.8D | C17: Be-DIS
A18: Bicarbonate (as CaCO3) | B18: 2320B | C18: mide | D18: HCO3Ca | E18: HCO3Ca
A19: Bicarbonate (as HCO3) | B19: 2320B | C19: HCO3 | E19: HCO3
A20: Boron | B20: X200.7 | C20: B | D20: B | E20: B | F20: B
A21: Boron (dissolved) | B21: X200.7D | C21: B-DIS
A22: Bromate | B22: 300.1B | C22: BrO3
A23: Bromide | B23: 300.1B | C23: Br | D23: Br
A24: Cadmium | B24: X200.8 | C24: Cd | D24: Cd | F24: Cd
A25: Cadmium (dissolved) | B25: X200.8D | C25: Cd-DIS
A26: Calcium | B26: X200.7 | C26: Ca | D26: Ca | E26: Ca | F26: Ca
A27: Calcium (dissolved) | B27: X200.7D | C27: Ca-DIS
A28: Calcium Hardness | B28: X200.7 | C28: CaHRD
A29: Carbonate (as CaCO3) | B29: 2320B | C29: CO3Ca | D29: CO3Ca | E29: CO3Ca
A30: Carbonate (as CO3) | B30: 2320B | C30: CO3 | E30: CO3
A31: Chlorate | B31: 300.1B | C31: CLO3
A32: Chloride | B32: X1-300.0 | C32: Cl | D32: Cl | E32: Cl
A33: Chlorite | B33: 300.1B | C33: CLO2
A34: Chromium | B34: X200.8 | C34: Cr | D34: Cr | F34: Cr
A35: Chromium (dissolved) | B35: X200.8D | C35: Cr-DIS
A36: Cobalt | B36: X200.8 | C36: Co | D36: Co | F36: Co
A37: Cobalt (dissolved) | B37: X200.8D | C37: Co-DIS
A38: Copper | B38: X200.8 | C38: Cu | D38: Cu | F38: Cu
A39: Copper (dissolved) | B39: X200.8D | C39: Cu-DIS
A40: Corrosivity | B40: CORROSIV | C40: CORROS
A41: Cyanide | B41: X1-335.4 | C41: CN
A42: Dissolved Organic Carbon | B42: 5310C | C42: DOC
A43: Dissolved Organic Nitrogen - 0.45 um | B43: X1-351.2 | C43: DON
A44: Dissolved Sulfide | B44: 4500S2-D | C44: DISSUL
A45: E. Coli (Colilert - MPN/100mL) | B45: 9223BM | C45: ECOLIQ
A46: Electrical Conductivity | B46: 2510B | C46: EC | D46: EC | E46: EC
A47: Fecal Coliform (Membrane Filtration-CFU/100ml) | B47: 9221 | C47: FCOLIF
A48: Fecal Coliform (Mult. Tube Fermentation) | B48: 9221E | C48: FCOLIM
A49: Filtered Chemical Oxygen Demand | B49: 5220B | C49: CODFIL
A50: Fluoride | B50: X1-300.0 | C50: F | E50: F
A51: Free Chlorine | B51: 4500CLF | C51: FRCL2
A52: Free Res. Chlorine -- Amperometric Method | B52: 4500CLD | C52: FRCL2A
A53: Gadolinium | B53: X200.8 | C53: Gd | D53: Gd | F53: Gd
A54: Gadolinium (dissolved) | B54: X200.8D | C54: Gd-DIS
A55: Heterotrophic Plate Count (pour plate-CFU/1ml) | B55: 9215B | C55: HPCPP
A56: Heterotrophic Plate Count (spread plate) | B56: 9215C | C56: HPCSP
A57: Hexavalent Chromium | B57: X1-218.6 | C57: CrVI
A58: Hydrogen Peroxide | B58: H2O2 | C58: H2O2
A59: Hydroxide (as CaCO3) | B59: 2320B | C59: OHCa | D59: OHCa | E59: OHCa
A60: Hydroxide (as OH) | B60: 2320B | C60: OH | E60: OH
A61: Iron | B61: X200.7 | C61: Fe | D61: Fe | E61: Fe | F61: Fe
A62: Iron (dissolved) | B62: X200.7D | C62: Fe-DIS | E62: Fe-DIS
A63: Lead | B63: X200.8 | C63: Pb | D63: Pb | F63: Pb
A64: Lead (dissolved) | B64: X200.8D | C64: Pb-DIS
A65: Magnesium | B65: X200.7 | C65: Mg | D65: Mg | E65: Mg | F65: Mg
A66: Magnesium (dissolved) | B66: X200.7D | C66: Mg-DIS
A67: Manganese | B67: X200.8 | C67: Mn | D67: Mn | E67: Mn | F67: Mn
A68: Manganese (dissolved) | B68: X200.8D | C68: Mn-DIS
A69: Mercury | B69: X200.8 | C69: Hg | D69: Hg | F69: Hg
A70: Mercury (dissolved) | B70: X200.8D | C70: Hg-DIS
A71: Molybdenum | B71: X200.8 | C71: Mo
A72: Nickel | B72: X200.8 | C72: Ni | D72: Ni | F72: Ni
A73: Nickel (dissolved) | B73: X200.8D | C73: Ni-DIS
A74: Nitrate | B74: X1-300.0 | C74: NO3 | E74: NO3
A75: Nitrate + Nitrite Nitrogen | B75: 4500NO3F | C75: NO3NO2-N
A76: Nitrate Nitrogen | B76: 4500NO3F | C76: NO3-N | D76: NO3-N | E76: NO3-N
A77: Nitrite Nitrogen | B77: 4500NO3F | C77: NO2-N | D77: NO2-N | E77: NO2-N
A78: Odor Range High | B78: 2150B | C78: ODORHI
A79: Odor Range Low | B79: 2150B | C79: ODORLO
A80: Organic Nitrogen | B80: X1-351.2 | C80: ORG-N | E80: ORG-N
A81: Perchlorate | B81: 332 | C81: CLO4
A82: pH | B82: 4500H+B | C82: pH | D82: pH | E82: pH
A83: Phosphate Phosphorus (orthophosphate) | B83: 365.1 | C83: PO4-P | D83: PO4-P | E83: PO4-P
A84: Potassium | B84: X200.7 | C84: K | D84: K | E84: K | F84: K
A85: Potassium (dissolved) | B85: X200.7D | C85: K-DIS
A86: Selenium | B86: X200.8 | C86: Se | D86: Se | F86: Se
A87: Selenium (dissolved) | B87: X200.8D | C87: Se-DIS
A88: Settleable Solids | B88: 2540F | C88: SETSOL
A89: Silica | B89: 4500SIOC | C89: SIO2 | E89: SIO2
A90: Silver | B90: X200.8 | C90: Ag | D90: Ag | F90: Ag
A91: Silver (dissolved) | B91: X200.8D | C91: Ag-DIS
A92: Sodium | B92: X200.7 | C92: Na | D92: Na | E92: Na | F92: Na
A93: Sodium (dissolved) | B93: X200.7D | C93: Na-DIS
A94: Sodium Adsorption Ratio | B94: X200.7 | C94: SAR
A95: Strontium | B95: X200.8U | C95: Sr | E95: Sr
A96: Sulfate | B96: X1-300.0 | C96: SO4 | D96: SO4 | E96: SO4
A97: Sulfide | B97: 376.1 | C97: S2
A98: Surfactants | B98: 5540C | C98: MBAS
A99: Suspended Solids | B99: 2540D | C99: SUSSOL
A100: Temperature (LAB) | B100: 4500H+B | C100: TEMP | D100: TEMP | E100: TEMP
...
